,id,site,plot,observer,region,geometry,veg_type,fire_hist,loc_accuracy,litter_d_m,litter_cov,litter_load,s_fhr,ns_h_m,ns_cov,ns_fhr,ns_fhr,ns_load,s&ns_fhr,elev_h_m,elev_cov,elev_fhr,elev_fhr,elev_load,bark_type,bark_haz,bark_load,canopy_h_m,canopy_cov_m,representative,afo_cc,afo_lfd,afo_ch,afo_cbh,afo_litter,afo_surface,afo_elevated,afo_bark,rfs_bark,rfs_canopy,rfs_elevated,rfs_surface
16,ccfa3f44-ca62-46fd-bc88-e41f28247cd3,EC10,1,Laurence McCoy,central,POINT (151.28407143582518 -33.58384768505771),DSF,2,4.65863530382,19.0,100,5.0,Moderate,0.39,90,Moderate,Moderate,2.5,Moderate,1.8,100,,,10,Slab,Low,0,6.8,30.0,yes,50.941280364990234,10.934896469116211,5.625100612640381,2.781174659729004,17.71669,17.71669,1.8555028,3.1234324,1.3555353,9.6,0.36465478,6.020303
25,4d19111d-9db7-4087-9fff-627dbf92f9f4,EC10,2,Laurence McCoy,central,POINT (151.2837677809622 -33.58408304728531),DSF,2,4.64689937243,11.0,40,2.5,Low,0.34,100,High,High,3.5,Moderate,1.6600000000000001,100,High,High,2,Slab,Low,0,5.2,26.0,,53.012088775634766,8.507341384887695,6.257932186126709,3.2289786338806152,17.689646,17.689646,1.8001388,3.030236,1.3555353,9.6,0.36465478,6.020303
27,9f8027da-efe2-4dbd-a281-9685e01b3fc6,EC10,3,Laurence McCoy,central,POINT (151.2835836018388 -33.58432374463761),DSF,2,4.67519625109,11.0,10,1.25,Low,0.4,100,High,High,3.5,Moderate,1.75,100,High,High,2,Slab,Moderate,0,5.0,16.0,yes,36.591705322265625,15.579015731811523,3.8234076499938965,3.203047513961792,17.148125,17.148125,1.2304901,2.0713267,1.3555353,9.6,0.36465478,6.020303
34,f4731772-5879-4fa8-b69f-9f0fe8e53adc,EC11,2,Derek Meaghan,central,POINT (151.04137027987727 -34.16932777469176),DSF,,4.66819352306,24.0,80,5.0,Moderate,0.18,50,Moderate,Moderate,2.5,Moderate,0.51,50,Moderate,Moderate,0,Slab,Low,0,11.0,60.0,yes,82.19612884521484,3.8691983222961426,9.999366760253906,4.33381462097168,14.651359,16.660486,6.41348,3.0695417,1.4140816,3.5,3.0128183,8.95273
39,399e8689-019a-4776-a6b7-8186c7cdc404,EC11,3,Meaghan Derek,central,POINT (151.04147463539425 -34.16886038855004),DSF,,4.65807118709,9.0,50,2.5,Low,0.22999999999999998,50,Moderate,Moderate,2.5,Low,0.6199999999999999,80,Moderate,Moderate,0,Slab,Low,0,9.8,26.0,yes,73.3564224243164,7.731657028198242,5.68436861038208,2.840926170349121,14.50838,16.497902,5.3404994,2.5560048,1.4140816,3.5,3.0128183,8.95273
33,65096dd3-a842-4875-abf6-755ee5c25a0b,EC11,,Derek Meaghan,central,POINT (151.04107377173767 -34.169555466371065),DSF,,4.6669248963,31.0,100,15.0,Very High,0.21000000000000002,70,High,High,3.5,Extreme,0.3,40,Moderate,Moderate,0,Slab,Low,0,12.4,54.0,yes,75.61556243896484,5.9864501953125,8.028475761413574,3.168698310852051,14.3413515,16.307968,5.523356,2.6435213,2.280757,3.5,4.823074,15.909413
40,9d262ba1-fefc-4de0-8ff1-d9eb964a9c2b,EC12,1,Meaghan Derek,central,POINT (151.04154158311127 -34.17005857124323),DSF,,4.67997498271,35.0,70,3.75,Low,0.37,100,Very High,Very High,4.0,High,0.53,70,Very High,Very High,6,Coarsely,Moderate,0,8.8,34.0,yes,77.97100067138672,4.010981559753418,8.283849716186523,3.8566410541534424,14.634051,16.640806,5.757076,2.7553816,1.4140816,3.5,3.0128183,8.95273
43,a28a8808-a6b2-46db-9400-2ab494fed763,EC12,1,Derek Meaghan,central,POINT (151.04121305912614 -34.17022311592506),DSF,,4.65405592663,23.0,80,5.0,Moderate,0.28,80,Very High,Very High,4.0,Very High,1.25,70,High,High,2,Coarsely,Moderate,0,7.4,58.0,yes,80.25022888183594,4.568323135375977,6.762063503265381,2.8993124961853027,14.634051,16.640806,5.5063467,2.6353805,1.4140816,3.5,3.0128183,8.95273
45,bdce461a-75ee-44c3-ac5b-92b06e2b03cf,EC12,3,Derek Meagan,central,POINT (151.04160080092086 -34.170293097779535),DSF,,4.6600956138,23.0,80,5.0,Moderate,0.26999999999999996,80,High,High,3.5,High,0.30999999999999994,20,High,High,2,Coarsely,Moderate,0,11.2,36.0,yes,85.07042694091797,4.450106620788574,10.36920166015625,4.804426193237305,2.024316,2.9352505,1.7741768,0.0,1.4140816,3.5,3.0128183,8.95273
0,d1a280cb-06c0-43ac-a81f-ef7a9f273c9e,EC13,1,"Derek, Meaghan",central,POINT (150.99192625043676 -34.125437096705305),DSF,,4.66337200925,52.0,100,25.0,Extreme,0.15,50,High,High,3.5,Extreme,0.43000000000000005,30,High,High,2,Coarsely,Moderate,0,9.8,62.0,yes,57.428733825683594,3.011011838912964,9.554693222045898,6.15993595123291,14.506964,16.52059,6.125993,2.8971925,2.280757,3.5,4.823074,15.909413
2,d191484d-8f6a-420c-bd1b-69b4597b2ac5,EC13,2,Derek Meaghan,central,POINT (150.99142353134778 -34.12567308613325),DSF,,4.60097360225,35.0,100,15.0,Very High,0.14,90,Moderate,Moderate,2.5,Very High,0.39,30,Moderate,Moderate,0,Coarsely,Low,0,9.6,52.0,yes,59.81238555908203,3.474480390548706,9.48518180847168,7.107333183288574,14.485043,16.495626,5.9955134,2.8354843,2.280757,3.5,4.823074,15.909413
5,6f5fd9b6-73ba-414b-8536-1ad2228c33f1,EC13,3,Derek Meaghan,central,POINT (150.99172852133202 -34.12588201197959),DSF,,4.67231592247,38.0,100,15.0,Very High,0.10999999999999999,50,High,High,3.5,Extreme,0.06,10,High,High,2,Coarsely,Low,0,8.8,48.0,yes,68.32463836669922,3.8946070671081543,12.100061416625977,8.46142578125,14.606528,16.633974,6.1864705,2.9257944,2.280757,3.5,4.823074,15.909413
12,cdeafdf6-2375-4c0a-b99d-c29fadc4b6e1,EC14,1,Derek Meaghan,central,POINT (150.9670260814413 -34.1511013687762),DSF,unkown,4.65650914976,37.0,100,15.0,Very High,0.30999999999999994,90,Very High,Very High,4.0,Extreme,0.96,80,Very High,Very High,6,Coarsely,Moderate,0,9.2,60.0,yes,55.315975189208984,4.297854423522949,5.022097587585449,2.891765594482422,14.485043,16.495626,5.710671,2.7007723,2.280757,3.5,4.823074,15.909413
141,796a939d-e142-4058-8a41-b81326128c8d,EC14,1,"Sean, Matt, Chris",central,POINT (150.9669513 -34.1510918),,,3.78999996185,50.0,70,18.75,Extreme,0.43,100,Extreme,Extreme,7.0,Extreme,1.94,90,Very High,Very High,6,Coarsely,High,2,7.8,48.0,yes,55.315975189208984,4.297854423522949,5.022097587585449,2.891765594482422,14.485043,16.495626,5.710671,2.7007723,2.280757,3.5,4.823074,15.909413
15,7c07375a-f8db-468a-9299-ea494aef6ace,EC14,2,Derek Meaghan,central,POINT (150.9673312212669 -34.15165292971339),DSF,,4.65308275362,27.0,100,10.0,High,0.25,70,Very High,Very High,4.0,Very High,0.79,60,Very High,Very High,6,Coarsely,Moderate,0,8.8,40.0,yes,45.533546447753906,4.011269569396973,5.56605339050293,2.7694764137268066,14.352953,16.345203,5.2769375,2.4956448,2.280757,3.5,4.823074,15.909413
142,4185b1db-ac23-4483-9690-ce8b3305fa09,EC14,2,"Sean, Matt, Chris",central,POINT (150.9669965 -34.1511499),,,4.31699991226,41.0,90,5.0,Moderate,0.26,60,High,High,3.5,High,1.64,100,Extreme,Extreme,10,Coarsely,Moderate,0,8.4,44.0,yes,51.786136627197266,4.8154449462890625,5.399550914764404,2.9027810096740723,14.463121,16.470663,5.7770777,2.7321784,2.280757,3.5,4.823074,15.909413
18,57208a7f-1ea4-4fce-8192-ad7f67879316,EC14,3,Derek Meaghan,central,POINT (150.96771304733142 -34.15181616426471),DSF,,4.66591748859,21.0,100,10.0,High,0.18,50,Very High,Very High,4.0,Very High,0.9099999999999999,70,Very High,Very High,6,Coarsely,Moderate,0,8.6,42.0,yes,47.03287887573242,4.072017669677734,4.8444952964782715,3.1083688735961914,14.482136,16.492315,5.718457,2.7044547,2.280757,3.5,4.823074,15.909413
29,3051199f-c0a7-4a76-88a5-81cf0c6fb9d4,EC15,1,Derek Meaghan,central,POINT (150.9502630644724 -34.11834082168203),DSF,,4.66114158689,31.0,100,15.0,Very High,0.30999999999999994,80,Extreme,Extreme,7.0,Extreme,1.6800000000000002,90,Extreme,Extreme,10,Paper,Moderate,0,7.8,50.0,yes,62.507686614990234,5.2942214012146,5.1903276443481445,4.099059104919434,14.59182,16.6173,5.9347854,2.8066654,2.280757,3.5,4.823074,15.909413
30,17a11109-71f8-4014-8075-69029ca09c9f,EC15,2,Meaghan Derek,central,POINT (150.95045879812173 -34.11849635408923),DSF,,4.66176149118,31.0,100,15.0,Very High,0.22000000000000003,70,Extreme,Extreme,7.0,Extreme,1.3499999999999999,80,Extreme,Extreme,10,Paper,Moderate,0,8.2,64.0,yes,61.30400466918945,4.136028289794922,5.986359119415283,3.645090341567993,14.501693,16.514662,6.145973,2.90654,2.280757,3.5,4.823074,15.909413
31,b7775ba5-2d07-4a65-b1e6-77072deed832,EC4,1,John Russell,central,POINT (151.15180794381996 -33.65919715358299),DSF,8+,0.0,38.0,100,15.0,Very High,0.31999999999999995,90,Very High,Very High,4.0,Extreme,0.95,90,Moderate,Moderate,0,Slab,Low,0,16.4,38.0,yes,58.10243225097656,7.3907904624938965,10.235115051269531,6.957834243774414,14.597534,16.599281,5.727156,2.741062,2.4672081,3.5,4.8982787,16.380594
32,ff5a502f-49b8-4f9e-b916-2840c6972d9b,EC4,2,John Russell,central,POINT (151.15222790350907 -33.659104407680175),DSF,8+,0.0,39.0,60,11.25,High,0.25000000000000006,70,Very High,Very High,4.0,Very High,0.9700000000000001,70,Very High,Very High,6,,,0,13.2,28.0,yes,57.881752014160156,3.858914852142334,12.284341812133789,6.770750045776367,14.421695,16.399328,5.084375,2.4334216,2.4672081,3.5,4.8982787,16.380594
134,93bd4c1d-fee4-4c7f-9d86-7a9a0e18af0e,EC43,1,"Sean Watt, Matt Kelly, Chris NPWS",central,POINT (150.9165029 -34.2421467),,,3.79099988937,44.0,100,20.0,Extreme,0.36,100,Extreme,Extreme,7.0,Extreme,1.81,100,Extreme,Extreme,10,Coarsely,Moderate,0,10.4,42.0,yes,43.97937774658203,13.174976348876953,6.842681884765625,3.8084967136383057,13.496322,15.36977,4.516476,2.135884,1.8413572,3.5,4.2057443,13.216925
140,56d513c9-60d4-48b5-82af-f04f8a266bc2,EC43,2,"Sean, Matt, Chris",central,POINT (150.9355308 -34.2402162),,,3.33599996567,60.0,100,30.0,Extreme,0.22999999999999998,100,Extreme,Extreme,7.0,Extreme,1.6800000000000002,90,Very High,Very High,6,Coarsely,High,2,3.8,60.0,yes,74.61241912841797,7.304696559906006,7.974992275238037,7.872175216674805,12.85182,14.635804,5.0406995,2.383794,2.280757,3.5,4.823074,15.909413
137,ec2bf2bb-056e-4ec1-9eca-c9f7e770d7f6,EC44,1,"Sean, Matt, Chris",central,POINT (150.9349047 -34.2426734),,,3.78999996185,57.0,70,3.75,Low,0.4,70,Extreme,Extreme,7.0,Very High,1.6,70,Extreme,Extreme,10,Coarsely,Moderate,0,9.0,34.0,yes,45.56223678588867,5.251178741455078,10.41390609741211,7.027862548828125,14.523374,16.539389,6.2577705,2.9593585,1.8413572,3.5,4.2057443,13.216925
138,d5ab8d7d-b9f2-4828-9116-9fe701dd790b,EC44,2,"Sean, Matt, Chris",central,POINT (150.9347322 -34.2426085),,,4.02199983597,80.0,90,40.0,Extreme,0.5,100,Extreme,Extreme,7.0,Extreme,2.0,100,Extreme,Extreme,10,Coarsely,Moderate,0,12.0,48.0,yes,57.45417404174805,5.363577842712402,18.8402099609375,13.507397651672363,14.506243,16.51988,6.36067,3.0080206,1.8413572,3.5,4.2057443,13.216925
139,93488f46-36bc-4ed4-8d40-29faba08646a,EC45,1,"Sean, Matt, Chris",central,POINT (150.9356261 -34.2401841),,,3.98000001907,63.0,90,30.0,Extreme,0.29000000000000004,100,Extreme,Extreme,7.0,Extreme,2.0,100,Very High,Very High,6,Coarsely,Low,0,8.6,60.0,yes,70.47478485107422,6.368924617767334,6.931200981140137,6.154182434082031,14.556148,16.576712,5.859254,2.7708962,2.280757,3.5,4.823074,15.909413
135,f5cdd8df-b30c-43ae-9c87-b2f749e931de,EC46,1,"Sean Watt, Matt Kelly, Chris NPWS",central,POINT (150.9186978 -34.2393769),,,3.78999996185,41.0,90,20.0,Extreme,0.5,100,Extreme,Extreme,7.0,Extreme,1.5,90,Very High,Very High,6,Coarsely,Low,0,7.0,54.0,yes,50.4821662902832,8.224971771240234,11.485815048217773,7.19169807434082,14.467192,16.475409,5.503413,2.6026158,1.8413572,3.5,4.2057443,13.216925
136,2e8d2a8e-4c2d-43b1-81ac-27e9baabc03d,EC46,2,,central,POINT (150.9189624 -34.2392811),,,3.78999996185,48.0,90,20.0,Extreme,0.45999999999999996,100,High,High,3.5,Extreme,1.7,90,High,High,2,Coarsely,Low,0,11.0,48.0,yes,45.08771896362305,6.083141326904297,11.407617568969727,6.519844055175781,14.484323,16.494917,5.5555897,2.6272905,1.8413572,3.5,4.2057443,13.216925
8,30d7a8ec-0618-4080-961c-e96ef1574f2d,EC47,1,"Sean Watt, Matt Kelly",central,POINT (150.9166311 -34.2471345),,,3.73200011253,45.0,90,20.0,Extreme,0.47000000000000003,90,Extreme,Extreme,7.0,Extreme,2.0,100,Extreme,Extreme,10,Coarsely,High,2,11.8,60.0,yes,69.00029754638672,4.074743270874023,13.877111434936523,6.981771469116211,13.1235075,14.945238,5.0315533,2.379427,2.280757,3.5,4.823074,15.909413
133,3da4894f-8ee1-451d-92d9-04a3f4bbb3ea,EC47,2,"Sean Watt, Matt Kelly, Chris NPWS",central,POINT (150.9162712 -34.247348),,,4.07000017166,57.0,100,25.0,Extreme,0.44000000000000006,100,Extreme,Extreme,7.0,Extreme,1.8,100,Extreme,Extreme,10,Coarsely,High,2,11.0,58.0,yes,67.3355712890625,6.610672473907471,9.912092208862305,3.4172720909118652,13.063,14.876331,5.2247214,2.4707763,2.280757,3.5,4.823074,15.909413
3,757bfc31-be8d-4ecb-b07b-42a99b9fbe58,EC48,1,Sean Watt,central,POINT (150.9192635 -34.237526),,,4.21899986267,47.0,90,20.0,Extreme,0.48,90,Extreme,Extreme,7.0,Extreme,1.7900000000000003,100,Extreme,Extreme,10,Coarsely,High,2,10.2,0.0,yes,56.73754119873047,5.395608901977539,10.259424209594727,6.8266096115112305,14.335109,16.324991,5.3534164,2.5316808,2.280757,3.5,4.823074,15.909413
35,557dd9bc-f13f-4dec-8cb3-188fb0b2fefd,EC6,1,Laurence McCoy,central,POINT (151.196748603352 -33.65934277426106),DSF,8+,4.66883422511,31.0,100,15.0,Very High,0.5,100,Extreme,Extreme,7.0,Extreme,2.0,100,Very High,Very High,6,Slab,Low,0,7.4,28.0,yes,65.89224243164062,4.815615653991699,8.612472534179688,4.13625431060791,14.482388,16.468344,6.1611147,3.0899827,0.0,0.0,10.044661,12.609054
41,cef64f35-11c0-4077-b601-ddbb8db47825,EC6,2,Laurence McCoy,central,POINT (151.1957477877727 -33.659392784340355),DSF,8+,4.69038450934,19.0,90,5.0,Moderate,0.37999999999999995,100,Very High,Very High,4.0,Very High,1.7599999999999998,100,High,High,2,Slab,Moderate,0,10.0,30.0,yes,62.69830322265625,4.982705116271973,8.391731262207031,4.598663330078125,30.025637,32.091156,9.840375,1.1084756,0.0,0.0,10.044661,12.609054
42,9840ea42-4ec1-4b0c-a7f7-ba88d8760349,EC7,1,Laurence McCoy,central,POINT (151.18906816484667 -33.655955919061306),DSF,unkown,4.65321537182,19.0,100,5.0,Moderate,0.33999999999999997,100,High,High,3.5,High,0.89,90,High,High,2,Slab,Moderate,0,7.4,38.0,yes,67.10149383544922,7.94547176361084,7.078145503997803,3.022777557373047,11.925438,13.796089,4.8164954,2.1099904,1.2998745,3.5,2.5949912,7.572715
44,1c0349f0-657e-4bfc-98fc-6f7b25701208,EC7,2,Laurence,central,POINT (151.18859798920155 -33.656017494521485),DSF,unkown,4.67080869392,18.0,100,5.0,Moderate,0.37,100,High,High,3.5,High,1.1,100,High,High,2,Slab,Moderate,0,6.4,34.0,yes,69.12398529052734,6.784729957580566,7.363894939422607,2.9682741165161133,11.9371605,13.80965,4.8323627,2.1169415,1.2998745,3.5,2.5949912,7.572715
1,920f1476-65e4-414d-94c6-e0680b293a5e,EC9,1,Laurence McCoy,central,POINT (151.26900627240315 -33.609470460990096),Heath,8+,28.6334118099,23.0,90,10.0,High,0.48,100,Extreme,Extreme,7.0,Extreme,1.78,80,Extreme,Extreme,10,Slab,Low,0,3.8,24.0,yes,37.2631721496582,10.644292831420898,5.393795013427734,3.598691463470459,24.350914,26.026056,5.464834,0.6155899,0.0,0.0,12.82905,20.913803
4,4ab4d4a4-a7fc-4282-8371-0f8fffe2d46b,EC9,2,John Russell,central,POINT (151.251539363978 -33.62291162480434),Heath,8+,0.0,15.0,100,5.0,Moderate,0.2,100,High,High,3.5,High,0.9799999999999999,100,Very High,Very High,6,Coarsely,Low,0,4.0,28.0,yes,77.17864990234375,10.855474472045898,4.890793323516846,1.9396412372589111,30.025637,32.091156,9.474245,1.0672326,0.0,0.0,12.999104,23.642311
6,a3860d68-b4ba-47ee-bbb8-251add6cdd68,EC9,,Laurence McCoy,central,POINT (151.26865785285418 -33.60867981536208),Heath,8+,4.7084881523,23.0,90,10.0,High,0.5,100,Extreme,Extreme,7.0,Extreme,1.9300000000000002,100,Extreme,Extreme,10,Slab,Moderate,0,5.4,20.0,yes,39.35136413574219,13.890302658081055,5.347739219665527,3.5790677070617676,28.366325,30.317696,5.494198,0.6188976,0.0,0.0,10.044661,12.609054
46,5060a947-a590-402d-8df7-27b7a3fd44c5,Other,1,David Clarke,other,POINT (150.3719258 -33.7409757),Heath,5,3.90000009537,9.0,90,5.0,Moderate,0.35000000000000003,90,High,High,3.5,High,0.85,80,Very High,Very High,6,Slab,,0,0.0,0.0,yes,35.589637756347656,9.285835266113281,4.776376247406006,3.4055893421173096,8.4696455,8.949564,2.8154821,0.43654573,0.0,0.0,4.6835318,3.8010607
49,c0c3cf60-7ba7-4aa5-9813-c777d588a17e,Other,1,David C,other,POINT (150.3816853 -33.7757107),DSF,2,3.90000009537,32.0,100,15.0,Very High,0.15,40,Low,Low,1.5,,0.77,50,Moderate,Moderate,0,Ironbark,Moderate,0,37.0,50.0,yes,77.848388671875,5.078523635864258,21.120357513427734,10.96609878540039,15.116893,17.18986,7.710556,3.9518757,2.6473403,3.5,4.899226,16.39017
52,371babd5-d1ab-48ed-8cb2-bbf75e1ed7a6,Other,1,DAVID C,other,POINT (150.3813938 -33.7761417),DSF,8+,3.90000009537,51.0,100,25.0,Extreme,0.44000000000000006,100,High,High,3.5,Extreme,1.22,70,High,High,2,Ribbon,Very High,5,0.0,52.0,yes,67.29047393798828,2.3462414741516113,21.187171936035156,11.568862915039062,14.50111,16.489635,7.0295525,3.6028423,2.6473403,3.5,4.899226,16.39017
54,be42b5cc-47f4-4563-b782-95bab0d47ef3,Other,1,Toby,other,POINT (150.5064108 -33.7842254),DSF,8+,5.11100006104,57.0,100,25.0,Extreme,0.5,100,High,High,3.5,Extreme,1.7,100,High,High,2,Ironbark,Low,0,2.8,36.0,yes,19.67550277709961,6.898803234100342,2.992245674133301,4.629035949707031,11.372509,12.951294,3.0791168,1.4560155,2.280757,3.5,4.823074,15.909413
57,05b1e84e-427d-432a-ba5e-a23dab37bb32,Other,1,Toby settree,other,POINT (150.5082601 -33.789615),DSF,5,6.43200016022,21.0,100,10.0,High,0.48,100,Low,Low,1.5,,1.39,100,Moderate,Moderate,0,Ironbark,Low,0,0.0,20.0,yes,55.03200912475586,7.892374038696289,8.367609024047852,3.056394577026367,13.856452,15.779963,4.588705,2.2738354,1.4140816,3.5,3.0128183,8.95273
47,743fea28-d0e4-4de4-a5a5-b731a97d73d6,Other,2,Davidc,other,POINT (150.3720978 -33.7406495),Heath,5,3.80399990082,7.0,80,5.0,Moderate,0.32999999999999996,90,High,High,3.5,High,0.31,40,Moderate,Moderate,0,,,0,0.0,0.0,,62.58168411254883,16.38827133178711,5.150248050689697,2.797262191772461,9.295183,9.82188,2.5213742,0.39094374,0.0,0.0,4.6835318,3.8010607
50,68b46ed6-f5a1-40e8-96bf-30bacb18b932,Other,2,Daivd Clarke,other,POINT (150.381881 -33.7757578),DSF,2,3.90000009537,36.0,100,15.0,Very High,0.19,70,Moderate,Moderate,2.5,Very High,1.1,60,High,High,2,Ironbark,Moderate,0,0.0,58.0,yes,75.57745361328125,3.8933050632476807,22.506567001342773,12.543828964233398,15.113859,17.186409,7.7051897,3.9491255,2.6473403,3.5,4.899226,16.39017
53,45430ed6-048c-4777-9247-a4cc34f67cbb,Other,2,David C,other,POINT (150.3810097 -33.7761091),DSF,8+,3.78299999237,42.0,90,20.0,Extreme,0.41,100,Very High,Very High,4.0,Extreme,1.57,100,Very High,Very High,6,Ribbon,Very High,5,0.0,60.0,yes,53.397953033447266,3.537804126739502,17.84756088256836,8.59658145904541,14.964197,17.016224,7.980057,4.090002,2.6473403,3.5,4.899226,16.39017
55,ecce45dd-7053-4585-ae3c-ae6866bcd3ad,Other,2,Toby,other,POINT (150.5068432 -33.7843298),DSF,8+,3.90000009537,48.0,100,20.0,Extreme,0.4,80,Moderate,Moderate,2.5,Extreme,1.3399999999999999,100,Moderate,Moderate,0,Ironbark,Low,0,1.6,12.0,yes,56.318641662597656,7.422824382781982,9.685400009155273,3.4911751747131348,14.353953,16.346636,4.6376824,2.193011,1.8413572,3.5,4.2057443,13.216925
58,0e9bfac9-85bd-4e00-9746-e3af5c57983a,Other,2,Toby settree,other,POINT (150.5082348 -33.789649),DSF,5,3.90000009537,14.0,90,5.0,Moderate,0.48,100,Moderate,Moderate,2.5,Moderate,1.4499999999999997,100,Low,Low,0,Ironbark,Low,0,0.0,38.0,yes,55.03200912475586,7.892374038696289,8.367609024047852,3.056394577026367,13.856452,15.779963,4.588705,2.2738354,1.4140816,3.5,3.0128183,8.95273
48,fc7ec8e5-7c94-4fa2-b76c-f471b2d883a1,Other,3,David C,other,POINT (150.3727887 -33.7381854),Heath,8+,3.90000009537,0.0,0,1.25,Low,0.0,0,,,,,0.0,0,,,10,,,0,0.8,0.0,,34.050045013427734,6.5843095779418945,1.5315150022506714,1.647092342376709,7.7341723,8.161108,2.3910007,0.37727085,0.0,0.0,6.0,6.6
51,42b39839-ded4-49ec-94c5-bd9cf2e0a094,Other,3,David Clarke,other,POINT (150.3820273 -33.7757396),DSF,2,4.28800010681,33.0,90,5.0,Moderate,0.21000000000000002,90,Moderate,Moderate,2.5,Moderate,0.6199999999999999,40,High,High,2,Ironbark,Moderate,0,0.0,54.0,yes,73.25212860107422,3.5121541023254395,22.83172035217285,12.81863021850586,15.053259,17.1175,7.7682614,3.9814513,2.6473403,3.5,4.899226,16.39017
56,baf39bb2-3694-4602-8d48-da1825e44669,Other,3,David Clarke,other,POINT (150.5068578 -33.7842022),DSF,8+,4.36199998856,54.0,100,25.0,Extreme,0.41999999999999993,100,Moderate,Moderate,2.5,Extreme,0.9500000000000002,70,Moderate,Moderate,0,Stringy,Very High,5,0.0,42.0,yes,63.65734100341797,11.660131454467773,9.446308135986328,3.4103894233703613,14.218263,16.192108,4.2029605,1.987445,1.8413572,3.5,4.2057443,13.216925
59,49bbce2b-5f04-402d-a0e3-7e01a5cd7402,Other,3,Toby Settree,other,POINT (150.5082272 -33.7898509),DSF,5,3.90000009537,42.0,100,20.0,Extreme,0.4,100,Moderate,Moderate,2.5,Extreme,0.8800000000000001,80,Low,Low,0,Ironbark,Low,0,0.0,46.0,yes,57.27477264404297,4.834259986877441,9.256668090820312,2.945944309234619,14.312042,16.298796,5.059599,2.507177,1.4140816,3.5,3.0128183,8.95273
36,c836ea84-0b35-42a9-9256-dc1bbeef69b1,P1,1,Al the Magnificent and Geoff the rather Ordinary,pilliga,POINT (149.3390883 -30.9261373),DSF,unkown,3.91499996185,6.0,70,3.75,Low,0.43999999999999995,100,Very High,Very High,4.0,High,0.9800000000000001,80,Moderate,Moderate,0,Slab,Low,0,8.2,18.0,yes,33.10151290893555,2.8543715476989746,3.905120849609375,5.817044258117676,10.922386,11.373785,2.0017128,0.6175795,0.37736958,2.7,1.2926145,6.436137
37,1e7a0027-945a-400d-baac-9b4391a44700,P1,2,Al Baby and Baldrick,pilliga,POINT (149.3390824 -30.9261552),DSF,unkown,3.61599993706,10.0,80,5.0,Moderate,0.42000000000000004,90,High,High,3.5,High,1.06,80,Moderate,Moderate,0,Ironbark,Low,0,8.0,20.0,yes,33.10151290893555,2.8543715476989746,3.905120849609375,5.817044258117676,10.922386,11.373785,2.0017128,0.6175795,0.37736958,2.7,1.2926145,6.436137
38,85d8b7c1-59f4-452e-8753-94df94fa3a5d,P1,3,Al & Geoff,pilliga,POINT (149.339145 -30.9261453),DSF,unkown,3.22300004959,10.0,90,5.0,Moderate,0.4699999999999999,90,Very High,Very High,4.0,Very High,1.34,100,High,High,2,Coarsely,Low,0,9.2,20.0,,32.95722579956055,4.170425891876221,4.3991312980651855,5.5472564697265625,10.922386,11.373785,2.0017128,0.6175795,0.37736958,2.7,1.2926145,6.436137
91,42740937-3957-44d8-a100-499805594a61,P11,1,Brave Sir Alan and Sidekick,pilliga,POINT (149.418239 -30.9373162),DSF,unkown,4.0,13.0,100,5.0,Moderate,0.23000000000000004,70,High,High,3.5,High,0.18,20,Moderate,Moderate,0,Ironbark,Low,0,11.0,22.0,,29.96272850036621,5.620239734649658,3.8776142597198486,5.312177658081055,7.698059,8.002897,1.373724,0.39771563,0.46485567,2.7,1.6055467,8.096731
92,ad735b52-2e5f-4675-9c71-e3a57074bdc6,P11,2,Al & Geoff,pilliga,POINT (149.4182103 -30.9373263),DSF,unkown,3.42000007629,18.0,100,5.0,Moderate,0.36,90,High,High,3.5,High,0.36,40,Moderate,Moderate,0,Coarsely,Low,0,16.0,18.0,yes,29.96272850036621,5.620239734649658,3.8776142597198486,5.312177658081055,7.698059,8.002897,1.373724,0.39771563,0.46485567,2.7,1.6055467,8.096731
93,bccda9d2-5459-43a6-a05f-4589ebb4e681,P11,3,A&G Inc.,pilliga,POINT (149.4182265 -30.9372756),DSF,unkown,3.74699997902,13.0,80,5.0,Moderate,0.31999999999999995,90,High,High,3.5,High,0.43,30,Moderate,Moderate,0,Slab,Low,0,15.0,20.0,,29.96272850036621,5.620239734649658,3.8776142597198486,5.312177658081055,7.698059,8.002897,1.373724,0.39771563,0.46485567,2.7,1.6055467,8.096731
124,c114bb6f-96a8-4fb3-8a85-d30a5022d7f9,P12,1,A&G,pilliga,POINT (149.4372164 -30.9152733),DSF,unkown,3.867000103,8.0,50,2.5,Low,0.4600000000000001,70,Very High,Very High,4.0,High,0.31000000000000005,40,Moderate,Moderate,0,Slab,Low,0,8.2,8.0,yes,31.045040130615234,2.279139757156372,4.080482482910156,4.0167083740234375,10.801514,11.247914,1.2114626,0.37375155,0.56726986,2.7,1.9296715,9.775331
125,21dfd238-1eea-46a7-8c3d-a77892559ee7,P12,2,A&G,pilliga,POINT (149.4372243 -30.9152577),DSF,unkown,3.65400004387,18.0,90,5.0,Moderate,0.44000000000000006,100,Extreme,Extreme,7.0,Extreme,1.78,90,Very High,Very High,6,Slab,Low,0,12.4,16.0,yes,31.045040130615234,2.279139757156372,4.080482482910156,4.0167083740234375,10.801514,11.247914,1.2114626,0.37375155,0.56726986,2.7,1.9296715,9.775331
126,db8fa599-1cdb-4d71-851b-8aa8beda92b5,P12,3,A&G,pilliga,POINT (149.4372068 -30.915251),DSF,unkown,4.0,11.0,60,3.75,Low,0.39999999999999997,100,High,High,3.5,Moderate,0.38,20,Moderate,Moderate,0,Slab,Moderate,0,11.2,16.0,,19.397077560424805,1.824487328529358,2.3554341793060303,4.247100830078125,10.5614805,10.99796,1.1061181,0.34125143,0.56726986,2.7,1.9296715,9.775331
127,8251f03e-7774-4cac-ad5b-13bc38f8237c,P13,1,A&G,pilliga,POINT (149.4398319 -30.8916808),DSF,unkown,4.0,8.0,60,3.75,Low,0.3,80,High,High,3.5,Moderate,0.36,30,Moderate,Moderate,0,Ironbark,Moderate,0,14.0,18.0,,38.974117279052734,0.6030752658843994,5.312291145324707,6.158111572265625,9.50316,9.889059,1.8320408,0.53841686,0.56726986,2.7,1.9296715,9.775331
128,e778ac32-1738-4575-a73a-dc0f5898fe90,P13,2,A&G,pilliga,POINT (149.4397979 -30.8916459),DSF,unkown,3.45300006866,6.0,60,3.75,Low,0.33999999999999997,90,High,High,3.5,Moderate,0.2,10,Low,Low,0,Ironbark,Moderate,0,15.8,14.0,yes,38.974117279052734,0.6030752658843994,5.312291145324707,6.158111572265625,9.50316,9.889059,1.8320408,0.53841686,0.56726986,2.7,1.9296715,9.775331
129,4375ce77-b8ae-4321-a744-6c1f4d841153,P13,3,A&G,pilliga,POINT (149.4398113 -30.8916302),DSF,unkown,3.02699995041,11.0,80,5.0,Moderate,0.35,100,High,High,3.5,High,0.52,40,Low,Low,0,Ironbark,Moderate,0,7.8,16.0,yes,38.974117279052734,0.6030752658843994,5.312291145324707,6.158111572265625,9.50316,9.889059,1.8320408,0.53841686,0.56726986,2.7,1.9296715,9.775331
130,e0169b79-2adc-43ed-9ec8-84f195cc182d,P14,1,A&G,pilliga,POINT (149.47896 -30.8550626),DSF,unkown,4.0,13.0,100,5.0,Moderate,0.37,100,High,High,3.5,High,0.8400000000000001,70,Very High,Very High,6,Ironbark,Low,0,18.6,42.0,,26.257814407348633,3.1796131134033203,6.60202169418335,8.438782691955566,12.339734,12.852587,3.1982105,1.0316085,0.86,2.7,2.5,12.5
131,8d719c50-7590-4798-9a76-aead73e829e1,P14,2,A&G,pilliga,POINT (149.4789222 -30.8550962),DSF,unkown,4.0,10.0,90,5.0,Moderate,0.35,100,High,High,3.5,High,1.1,80,Very High,Very High,6,Ironbark,Moderate,0,18.2,40.0,yes,29.307031631469727,1.8244308233261108,6.358734607696533,9.389988899230957,12.212521,12.720086,3.1421015,1.0135101,0.86,2.7,2.5,12.5
132,83f74fef-fd3d-4e10-af64-b1224b023172,P14,3,Burke & Wills,pilliga,POINT (149.4787012 -30.8551071),DSF,unkown,4.0,10.0,100,5.0,Moderate,0.38999999999999996,100,Very High,Very High,4.0,Very High,0.7000000000000001,60,Very High,Very High,6,Ironbark,Moderate,0,19.4,40.0,yes,28.754011154174805,3.15393328666687,5.843600749969482,8.301811218261719,12.339734,12.852587,3.1421015,1.0135101,0.86,2.7,2.5,12.5
97,0104a7a0-f4bc-4294-91e3-6274886a18b6,P2,1,A&G,pilliga,POINT (149.43162 -30.9273169),DSF,unkown,3.91499996185,19.0,100,5.0,Moderate,0.3,90,Very High,Very High,4.0,Very High,0.0,0,Low,Low,0,Ironbark,Moderate,0,11.2,14.0,yes,33.319644927978516,2.575016736984253,4.857929706573486,3.895435094833374,11.765977,12.254235,1.8185592,0.5771635,0.86,2.7,2.5,12.5
98,ea449d7c-f4cc-443a-a544-09923238f68f,P2,2,A&G,pilliga,POINT (149.4316193 -30.9273813),DSF,unkown,4.0,21.0,100,10.0,High,0.39,90,Very High,Very High,4.0,Very High,0.65,50,Very High,Very High,6,Ironbark,Moderate,0,14.6,24.0,,29.30803871154785,3.128309965133667,4.357885360717773,4.0729265213012695,11.765977,12.254235,1.873667,0.5946533,0.86,2.7,2.5,12.5
99,0de7166c-f5a5-4a7b-90e3-c9d2d80825fd,P2,3,A&G,pilliga,POINT (149.4315672 -30.9274125),DSF,unkown,3.67199993134,20.0,100,10.0,High,0.37,100,Very High,Very High,4.0,Very High,0.32,20,Low,Low,0,Coarsely,Moderate,0,15.2,30.0,yes,29.30803871154785,3.128309965133667,4.357885360717773,4.0729265213012695,11.765977,12.254235,1.873667,0.5946533,0.86,2.7,2.5,12.5
94,523185ef-64a7-4882-89ae-998bcd9ff9f2,P3,1,A&G,pilliga,POINT (149.4322402 -30.9258678),DSF,unkown,3.83899998665,19.0,100,5.0,Moderate,0.25,60,Moderate,Moderate,2.5,Moderate,0.16,20,Moderate,Moderate,0,Ironbark,Low,0,15.8,32.0,yes,32.60968017578125,2.4808545112609863,4.467020511627197,7.226313591003418,9.50316,9.889059,1.7426729,0.5121526,0.56726986,2.7,1.9296715,9.775331
95,03f2d217-a3fc-43c0-bbe6-173f55f8a5b0,P3,2,A&G,pilliga,POINT (149.4322994 -30.9258329),DSF,unkown,4.0,19.0,80,5.0,Moderate,0.06000000000000001,20,Low,Low,1.5,,0.0,0,Low,Low,0,Ironbark,Moderate,0,16.0,36.0,yes,32.60968017578125,2.4808545112609863,4.467020511627197,7.226313591003418,9.50316,9.889059,1.7426729,0.5121526,0.56726986,2.7,1.9296715,9.775331
96,168a4548-68cc-4b81-aed0-4987da63b5ba,P3,3,A&G,pilliga,POINT (149.4322498 -30.9258341),DSF,unkown,3.70499992371,24.0,100,10.0,High,0.21000000000000002,60,Very High,Very High,4.0,Very High,0.27,20,Low,Low,0,Coarsely,Low,0,12.0,16.0,yes,32.60968017578125,2.4808545112609863,4.467020511627197,7.226313591003418,9.50316,9.889059,1.7426729,0.5121526,0.56726986,2.7,1.9296715,9.775331
121,646931f7-6881-4ab0-b9bc-89c1da9298c3,P4,1,A&G,pilliga,POINT (149.4298662 -30.9259987),DSF,unkown,4.0,15.0,100,5.0,Moderate,0.30000000000000004,90,Very High,Very High,4.0,Very High,0.12,10,High,High,2,Ironbark,Low,0,8.0,22.0,,17.066404342651367,17.172679901123047,2.3444151878356934,2.178706407546997,11.282023,11.748283,2.1596532,0.66629434,0.6993463,2.7,2.2681217,11.456743
122,2fb62095-7659-40d1-b7de-0e28bd294740,P4,2,A&G,pilliga,POINT (149.4298736 -30.9260017),DSF,unkown,4.0,4.0,40,2.5,Low,0.36000000000000004,100,Moderate,Moderate,2.5,Low,0.27,20,Moderate,Moderate,0,Ironbark,Low,0,4.2,14.0,yes,17.066404342651367,17.172679901123047,2.3444151878356934,2.178706407546997,11.282023,11.748283,2.1596532,0.66629434,0.6993463,2.7,2.2681217,11.456743
123,3a7f1f12-8e07-4416-a1a4-8766d014b605,P4,3,A&G,pilliga,POINT (149.4298371 -30.9259988),DSF,unkown,3.77900004387,9.0,90,5.0,Moderate,0.35,100,High,High,3.5,High,0.6799999999999999,40,Moderate,Moderate,0,Ironbark,Moderate,0,10.2,28.0,,17.066404342651367,17.172679901123047,2.3444151878356934,2.178706407546997,11.282023,11.748283,2.1596532,0.66629434,0.6993463,2.7,2.2681217,11.456743
7,a3d8deea-19b9-4492-8670-121a337a151b,P7,1,Geoff & Al,pilliga,POINT (149.4201619 -31.0170171),DSF,unkown,4.0,9.0,80,5.0,Moderate,0.26000000000000006,80,High,High,3.5,High,1.14,80,Very High,Very High,6,Coarsely,Low,0,6.4,24.0,yes,35.27100372314453,14.301351547241211,6.33497953414917,2.2640209197998047,8.0955925,8.416519,1.7200139,0.49803388,0.46485567,2.7,1.6055467,8.096731
9,cf850295-3fb4-4cf8-8bd4-c0046dd66532,P7,2,Geoff & Al,pilliga,POINT (149.4201513 -31.0170303),DSF,unkown,4.0,19.0,100,5.0,Moderate,0.39,90,Very High,Very High,4.0,Very High,1.1800000000000002,70,Very High,Very High,6,Coarsely,Low,0,4.0,28.0,yes,35.27100372314453,14.301351547241211,6.33497953414917,2.2640209197998047,8.0955925,8.416519,1.7200139,0.49803388,0.46485567,2.7,1.6055467,8.096731
10,971f171d-c62c-4890-9c68-66c8e8e50d1f,P7,3,Geoff & Al,pilliga,POINT (149.4199784 -31.0169919),DSF,unkown,3.80100011826,23.0,100,10.0,High,0.36,100,Very High,Very High,4.0,Very High,1.15,70,Very High,Very High,6,Coarsely,Low,0,9.0,38.0,yes,14.970303535461426,14.946537017822266,3.257843255996704,2.085655927658081,7.9251585,8.239329,1.3834894,0.40059248,0.46485567,2.7,1.6055467,8.096731
11,823bc67a-cd1d-4c6d-b842-542809e26158,P8,1,Geoff & Al,pilliga,POINT (149.4273786 -31.0180372),DSF,unkown,4.0,10.0,100,5.0,Moderate,0.25999999999999995,80,Moderate,Moderate,2.5,Moderate,0.13,10,Moderate,Moderate,0,Coarsely,Moderate,0,13.8,14.0,yes,27.290237426757812,9.7171630859375,5.11051607131958,3.2473647594451904,11.449238,11.92508,1.1221792,0.3619679,0.75231063,2.7,2.3727427,11.949899
13,c4a98434-5649-41e6-aac8-149fb521abef,P8,2,Al & Geoff,pilliga,POINT (149.4273805 -31.0180249),DSF,unkown,4.0,10.0,100,5.0,Moderate,0.27999999999999997,100,Moderate,Moderate,2.5,Moderate,0.0,0,Moderate,Moderate,0,Coarsely,Moderate,0,16.6,36.0,yes,27.290237426757812,9.7171630859375,5.11051607131958,3.2473647594451904,11.449238,11.92508,1.1221792,0.3619679,0.75231063,2.7,2.3727427,11.949899
14,8a84e199-3fac-4337-9445-be593bca3266,P8,3,Al & Geoff,pilliga,POINT (149.4274289 -31.0180218),DSF,unkown,3.99900007248,9.0,90,5.0,Moderate,0.2,70,Moderate,Moderate,2.5,Moderate,0.08,10,Moderate,Moderate,0,Coarsely,Moderate,0,17.0,42.0,yes,24.353443145751953,10.976476669311523,5.498137474060059,3.384079933166504,11.449238,11.92508,1.1221792,0.3619679,0.75231063,2.7,2.3727427,11.949899
81,6131af25-5088-46f7-9004-71f8f4fecda9,SM11,1,April,snowy,POINT (148.3911411004585 -35.65653524826128),DSF,unkown,4.57386038283,20.0,100,10.0,High,0.39999999999999997,100,High,High,3.5,Very High,1.1099999999999999,70,Moderate,Moderate,0,Ribbon,High,2,23.6,18.0,yes,12.510697364807129,6.3199872970581055,4.430797576904297,7.7133989334106445,5.734398,5.996496,0.7779987,1.1478211,1.2809672,5.8,0.8702,5.924454
82,68002aae-6fb7-4ed6-8fd1-026814571608,SM11,2,April,snowy,POINT (148.39113123045917 -35.65650905022837),DSF,unkown,4.57003972022,31.0,100,15.0,Very High,0.44000000000000006,100,Very High,Very High,4.0,Extreme,1.41,70,High,High,2,Ironbark,Moderate,0,25.2,18.0,yes,12.510697364807129,6.3199872970581055,4.430797576904297,7.7133989334106445,5.734398,5.996496,0.7779987,1.1478211,1.2809672,5.8,0.8702,5.924454
83,55bdddbe-322d-416d-8042-bf42c2a40593,SM11,3,April,snowy,POINT (148.39113113519787 -35.65654144928702),DSF,unkown,4.61347677543,18.0,80,5.0,Moderate,0.47000000000000003,90,Very High,Very High,4.0,Very High,1.1,90,High,High,2,Ironbark,Low,0,14.2,6.0,yes,12.510697364807129,6.3199872970581055,4.430797576904297,7.7133989334106445,5.734398,5.996496,0.7779987,1.1478211,1.2809672,5.8,0.8702,5.924454
112,89ffd1df-57be-4d00-a9a9-0be389f8bab0,SM12,1,Steve Knowles,snowy,POINT (148.59702190398107 -35.937338601831286),DSF,3,5.0,13.0,100,5.0,Moderate,0.09,70,Very High,Very High,4.0,Very High,1.25,100,Extreme,Extreme,10,Ribbon,Very High,5,16.0,32.0,no,12.370443344116211,13.285455703735352,5.92046594619751,1.5425167083740234,6.71011,7.8432355,0.42226985,0.37983873,0.5906346,6.8,0.726392,8.316637
113,58ee0dee-10e9-4bcf-9d90-0e9a441a139b,SM12,2,Steve Knowles,snowy,POINT (148.59700631364117 -35.93769085131207),DSF,3,5.0,13.0,100,5.0,Moderate,0.4699999999999999,100,Extreme,Extreme,7.0,Extreme,1.3,100,Extreme,Extreme,10,Ribbon,Moderate,0,15.4,22.0,yes,8.57483959197998,9.200828552246094,2.391575336456299,1.0305200815200806,6.8117905,7.9620867,0.5063646,0.45548332,0.5906346,6.8,0.726392,8.316637
114,a392708c-1716-45bd-8ad3-c70cddb0c85a,SM12,3,Steve Knowles,snowy,POINT (148.59733295640777 -35.937609337303726),DSF,3,5.0,20.0,100,10.0,High,0.21000000000000002,100,Very High,Very High,4.0,Very High,1.1599999999999997,100,Extreme,Extreme,10,Ribbon,Very High,5,16.8,22.0,yes,8.661108016967773,8.66037368774414,3.481025218963623,1.0744736194610596,6.8688645,8.028799,0.54998374,0.49471948,0.5906346,6.8,0.726392,8.316637
115,f90ab1f0-c94f-4418-a3a5-dabdc14c9c4d,SM13,1,Steve Knowles,snowy,POINT (148.59891168787013 -35.933750267174034),DSF,3,5.0,13.0,100,5.0,Moderate,0.41999999999999993,100,Extreme,Extreme,7.0,Extreme,0.7299999999999999,90,High,High,2,Ribbon,Very High,5,16.0,10.0,yes,13.36727523803711,7.852786540985107,7.687208652496338,4.136324882507324,6.8767486,8.038014,0.5449368,0.49017966,0.5906346,6.8,0.726392,8.316637
116,1d8d8155-fd69-41a6-b916-4688def69827,SM13,2,Steve Knowles,snowy,POINT (148.59932332313488 -35.93351343649992),DSF,3,5.0,12.0,100,5.0,Moderate,0.19999999999999998,90,Very High,Very High,4.0,Very High,0.86,100,Very High,Very High,6,Ribbon,Very High,5,20.0,36.0,yes,20.292451858520508,9.426076889038086,8.820755004882812,8.160466194152832,7.0312824,8.218644,0.45984444,0.4136377,0.5906346,6.8,0.726392,8.316637
117,bc9dbc67-ec86-4854-b73c-a72dab6d2655,SM13,3,Steve Knowles,snowy,POINT (148.59937654822002 -35.933965137261836),DSF,3,5.0,13.0,100,5.0,Moderate,0.24,100,Very High,Very High,4.0,Very High,0.9099999999999999,100,Very High,Very High,6,Ribbon,Very High,5,20.0,28.0,yes,19.302175521850586,6.388390064239502,7.839130878448486,5.589759826660156,6.888023,8.051192,0.50489694,0.45416316,0.5906346,6.8,0.726392,8.316637
21,ff99837c-944a-450b-935e-3ad19004dfcf,SM14,1,Scott Southwell,snowy,POINT (148.1589763 -36.1254927),WSF,8+,4.80000019073,33.0,90,5.0,Moderate,0.13999999999999999,90,Moderate,Moderate,2.5,Moderate,1.6,80,Very High,Very High,6,Stringy,Very High,5,32.6,58.0,yes,58.03744125366211,4.157346725463867,18.995769500732422,15.042290687561035,18.517778,18.387726,2.4420476,2.3982499,1.32968,6.8,0.9572579,13.807851
22,bec7671c-2e91-45f0-b003-d357bb1679dd,SM14,2,Scott Southwell,snowy,POINT (148.1589752 -36.1254581),WSF,8+,4.33300018311,52.0,100,25.0,Extreme,0.17000000000000004,90,High,High,3.5,Extreme,1.7,90,Very High,Very High,6,Stringy,Very High,5,34.4,50.0,yes,53.584537506103516,4.185995578765869,18.3087100982666,15.646444320678711,18.684721,18.553497,2.4686968,2.4244208,1.32968,6.8,0.9572579,13.807851
23,a3150409-e336-44ad-aa1c-99717d72580b,SM14,3,Scott Southwell,snowy,POINT (148.1589085 -36.1255929),WSF,8+,6.04300022125,69.0,100,30.0,Extreme,0.22000000000000003,100,High,High,3.5,Extreme,1.05,60,High,High,2,Ribbon,Moderate,0,28.4,58.0,yes,55.039058685302734,3.1852996349334717,19.32132911682129,13.270038604736328,18.337416,18.20863,2.40745,2.3642724,1.32968,6.8,0.9572579,13.807851
24,6d04543c-71da-4a32-b013-ac881684b056,SM15,1,Scott Southwell,snowy,POINT (148.1639242 -36.1103241),WSF,3,4.28100013733,34.0,100,15.0,Very High,0.31,100,High,High,3.5,Extreme,1.0,90,Moderate,Moderate,0,Stringy,Moderate,0,28.2,34.0,yes,49.5274772644043,3.28118634223938,14.91789436340332,8.744176864624023,18.880571,19.87106,3.2512076,3.1761272,1.4017317,5.8,1.097218,7.8850656
26,59c818f3-acd8-43f2-a505-6d0ae01acbb9,SM15,2,Scott Southwell,snowy,POINT (148.1638773 -36.1104464),WSF,3,5.71400022507,42.0,100,20.0,Extreme,0.25,100,High,High,3.5,Extreme,0.64,60,Moderate,Moderate,0,Coarsely,,0,26.2,38.0,yes,35.262351989746094,6.156519412994385,8.575910568237305,7.044961929321289,18.506258,19.47711,3.2965279,3.220401,1.4017317,5.8,1.097218,7.8850656
28,269f6452-90cc-4761-8a79-5e412ab321c0,SM15,3,Scott Southwell,snowy,POINT (148.1637951 -36.1102401),WSF,3,26.3999996185,23.0,80,5.0,Moderate,0.27,100,Moderate,Moderate,2.5,Moderate,0.6699999999999999,60,Low,Low,0,Stringy,Moderate,0,28.4,40.0,yes,35.916297912597656,4.687349796295166,9.53665828704834,8.570683479309082,18.695818,19.676613,3.5417995,3.4600084,1.4017317,5.8,1.097218,7.8850656
103,fe9ec57e-261e-4a80-ba6c-b70fbb15d3ef,SM16,1,Scott Southwell,snowy,POINT (148.1648989 -36.1004179),DSF,3,6.0,41.0,90,5.0,Moderate,0.27999999999999997,90,Moderate,Moderate,2.5,Moderate,0.9,70,,,10,Stringy,High,2,23.8,40.0,yes,52.243896484375,2.273739814758301,15.910443305969238,9.734480857849121,18.360538,18.297497,2.2408512,2.197765,1.2591817,6.8,0.78850657,12.051058
104,040f3d5e-85b3-4720-84f7-b5b5d1d77094,SM16,2,Scott Southwell,snowy,POINT (148.1648997 -36.1004844),DSF,3,4.0,45.0,90,5.0,Moderate,0.4,100,High,High,3.5,High,0.5,60,Moderate,Moderate,0,Stringy,High,2,27.0,48.0,yes,51.727378845214844,2.039137840270996,15.032835960388184,9.480630874633789,18.512707,18.449142,2.4650087,2.4176128,1.2591817,6.8,0.78850657,12.051058
105,7f62fa9d-6549-46bc-a970-467a2361bef8,SM16,3,Scott Southwell,snowy,POINT (148.1648605 -36.1003532),DSF,3,7.19999980927,32.0,100,15.0,Very High,0.35,90,High,High,3.5,Extreme,0.74,80,Moderate,Moderate,0,Slab,Moderate,0,24.2,34.0,yes,53.67424011230469,1.765883445739746,17.06694984436035,10.938613891601562,18.34612,18.283129,2.1925035,2.150347,1.2591817,6.8,0.78850657,12.051058
100,37c082a2-3e6a-4de0-934d-fa2c5018f092,SM17,1,Scott Southwell,snowy,POINT (148.1792337 -36.0606797),DSF,8+,7.19999980927,29.0,100,10.0,High,0.14,80,Moderate,Moderate,2.5,Very High,1.56,90,High,High,2,Stringy,Very High,5,26.0,58.0,yes,50.087982177734375,3.9535021781921387,14.655770301818848,7.52601432800293,19.269915,20.28208,3.5938582,3.533533,2.083149,5.8,2.1363425,16.859322
101,6e56369d-6ba4-4c46-b86b-d819bdf74533,SM17,2,Scott Southwell,snowy,POINT (148.1793293 -36.0605959),DSF,8+,150.0,53.0,90,5.0,Moderate,0.22000000000000003,100,High,High,3.5,High,1.47,80,High,High,2,Stringy,Very High,5,28.4,60.0,yes,43.227149963378906,5.609519958496094,11.792367935180664,6.600139617919922,19.270428,20.28262,3.7253067,3.662775,2.083149,5.8,2.1363425,16.859322
102,e72bb6e6-fa96-442c-b5e8-6a40deb12efc,SM17,3,Scott Southwell,snowy,POINT (148.1791901 -36.0608133),DSF,8+,16.0,54.0,100,25.0,Extreme,0.26,80,High,High,3.5,Extreme,1.41,70,High,High,2,Stringy,Very High,5,25.4,60.0,yes,45.41718292236328,3.675748825073242,15.079078674316406,8.216455459594727,19.270428,20.28262,3.6885962,3.626681,2.083149,5.8,2.1363425,16.859322
89,41e5fed9-9da0-4c48-a072-626cddcddb49,SM18,2,April,snowy,POINT (148.37882208274812 -35.60518193091726),DSF,unkown,4.56573467729,16.0,80,5.0,Moderate,0.32,90,High,High,3.5,High,1.2100000000000002,80,High,High,2,Ribbon,Moderate,0,31.0,24.0,yes,29.25092124938965,8.660200119018555,7.743055820465088,8.230401039123535,5.568753,5.8232803,0.75148225,1.1087002,1.2809672,5.8,0.8702,5.924454
90,59e295b6-bda0-40ac-a5df-ae7b512d4163,SM18,3,April,snowy,POINT (148.37862364617678 -35.60496523635991),DSF,unkown,4.61949766087,12.0,70,3.75,Low,0.22999999999999998,90,Moderate,Moderate,2.5,Low,1.35,90,High,High,2,Ironbark,Moderate,0,29.2,10.0,yes,27.48094367980957,13.24411392211914,7.013458251953125,6.233890533447266,5.694948,5.9552436,0.93597645,1.3808938,1.2809672,5.8,0.8702,5.924454
88,6bcd4369-8172-4488-b9db-6ca94dfddc08,SM18,,,snowy,POINT (148.37906587465193 -35.60520974543191),,,4.62981442677,19.0,70,3.75,Low,0.36,100,Very High,Very High,4.0,High,1.95,90,Extreme,Extreme,10,Ironbark,Moderate,0,31.4,8.0,yes,22.43549156188965,10.798677444458008,3.9229230880737305,5.337411880493164,5.559372,5.813471,0.62820214,0.92681867,1.2809672,5.8,0.8702,5.924454
78,01f38fe0-ec48-435f-8dfd-7a145a78b294,SM19,1,April,snowy,POINT (148.40181190116067 -35.662748141226395),DSF,unkown,4.62312783832,23.0,100,10.0,High,0.36,100,Very High,Very High,4.0,Very High,0.9899999999999999,80,Very High,Very High,6,Ironbark,Low,0,32.0,8.0,yes,20.844255447387695,5.308650016784668,10.625056266784668,16.107608795166016,7.3480296,8.58888,0.64205474,0.5775389,0.5906346,6.8,0.726392,8.316637
79,80046b59-de2b-47ea-aa22-fc894712faea,SM19,2,April Meredith,snowy,POINT (148.4017984292752 -35.66269648294744),DSF,unkown,4.63157880783,19.0,80,5.0,Moderate,0.33999999999999997,90,Very High,Very High,4.0,Very High,0.72,70,Very High,Very High,6,Ribbon,Moderate,0,20.0,4.0,yes,26.098007202148438,5.126099586486816,13.707971572875977,16.147287368774414,7.3433175,8.583371,0.7101055,0.6387517,0.5906346,6.8,0.726392,8.316637
80,04a1d2fd-d022-4ce2-a7b9-03a04b857142,SM19,3,April,snowy,POINT (148.40244140377558 -35.66271017733754),DSF,unkown,4.62113372455,25.0,90,10.0,High,0.32,90,Very High,Very High,4.0,Very High,0.63,60,High,High,2,Ribbon,High,2,30.2,6.0,yes,24.424589157104492,5.415359973907471,8.50955867767334,12.480090141296387,7.4078674,8.658822,0.6248306,0.56204545,0.5906346,6.8,0.726392,8.316637
61,c966374e-6b17-4614-b8da-ddad63561b58,SM2,1,Chris Quinn,snowy,POINT (148.65419553606645 -35.93612519561866),DSF,4,5.0,17.0,100,5.0,Moderate,0.27,100,Very High,Very High,4.0,Very High,0.6799999999999999,80,Very High,Very High,6,Ribbon,High,2,15.0,36.0,yes,37.945106506347656,5.339515209197998,7.035732746124268,9.345139503479004,7.1858163,8.399273,0.44951555,0.4043467,0.5906346,6.8,0.726392,8.316637
63,16616b6a-ec3f-4626-b445-44127adb9c04,SM2,2,Chris Quinn,snowy,POINT (148.65366110592024 -35.936295893076746),DSF,4,5.0,12.0,100,5.0,Moderate,0.36,100,High,High,3.5,High,0.93,100,Moderate,Moderate,0,Ribbon,High,2,16.4,32.0,yes,27.354116439819336,7.321075439453125,4.0516557693481445,8.617030143737793,7.0249243,8.211212,0.34474352,0.3101025,0.5906346,6.8,0.726392,8.316637
65,9e133449-8741-4225-ac21-89fd13f58ff6,SM2,3,Chris Quinn,snowy,POINT (148.65357745452658 -35.9358010255135),DSF,4,5.0,13.0,80,5.0,Moderate,0.27999999999999997,100,Very High,Very High,4.0,Very High,1.0099999999999998,100,Moderate,Moderate,0,Ribbon,Moderate,0,16.2,24.0,yes,27.242313385009766,7.21593713760376,5.413425922393799,8.80753231048584,7.097479,8.296019,0.48366883,0.43506813,0.5906346,6.8,0.726392,8.316637
68,311e613a-6cbd-4cea-b5ec-a5737e4f5d96,SM20,1,April,snowy,POINT (148.40166402312644 -35.66520129326476),DSF,3,4.65285006956,10.0,90,5.0,Moderate,0.21000000000000002,80,Moderate,Moderate,2.5,Moderate,0.48,40,High,High,2,Ribbon,Moderate,0,6.0,2.0,yes,31.831315994262695,2.2398617267608643,10.655097007751465,12.471226692199707,7.260727,8.486834,0.5869206,0.52794486,0.5906346,6.8,0.726392,8.316637
75,4b009acf-14db-4673-8dfb-4e53afd9b2a2,SM20,2,April,snowy,POINT (148.40176434823127 -35.66554151953504),DSF,3,4.55793272112,20.0,100,10.0,High,0.29000000000000004,90,Moderate,Moderate,2.5,Very High,0.29000000000000004,20,Low,Low,0,Ironbark,Low,0,18.4,6.0,yes,20.597929000854492,3.2610418796539307,7.513391017913818,11.137850761413574,7.332043,8.570193,0.6124049,0.55086833,0.5906346,6.8,0.726392,8.316637
77,b82d343f-66b4-48f1-abd3-03791e39ff87,SM20,3,April,snowy,POINT (148.4020742007705 -35.66510255952677),DSF,3,4.62607885716,25.0,90,10.0,High,0.37,90,Very High,Very High,4.0,Very High,1.0,60,Very High,Very High,6,Ironbark,Low,0,29.8,8.0,yes,22.606937408447266,1.4473135471343994,11.420857429504395,12.253952980041504,7.408902,8.660031,0.62662506,0.56365967,0.5906346,6.8,0.726392,8.316637
60,7fe783f1-6e36-4db6-960b-2b1dc419dd9d,SM21,1,Chris Quinn,snowy,POINT (148.6386296 -35.9358391),DSF,4,3.90000009537,17.0,100,5.0,Moderate,0.15,80,Moderate,Moderate,2.5,Moderate,1.02,100,Very High,Very High,6,Ribbon,High,2,24.4,40.0,yes,24.280208587646484,9.834169387817383,8.078937530517578,6.073447227478027,6.9453015,8.118143,0.4009633,0.36067316,0.5906346,6.8,0.726392,8.316637
69,996647b2-211c-4af9-97b9-58067db53fd3,SM21,1,Chris Quinn,snowy,POINT (148.64107626504136 -35.93801145910838),DSF,4,5.0,21.0,100,10.0,High,0.19,100,Very High,Very High,4.0,Very High,0.8699999999999999,50,Moderate,Moderate,0,Ribbon,Very High,5,16.8,30.0,yes,39.93028259277344,5.492188930511475,10.748920440673828,13.822970390319824,7.1025987,8.302003,0.5754154,0.51759565,0.5906346,6.8,0.726392,8.316637
62,a76624c8-cec2-4a76-b64d-6782daa17db6,SM21,2,Chris Quinn,snowy,POINT (148.638947 -35.9355123),DSF,4,3.55800008774,13.0,100,5.0,Moderate,0.15999999999999998,100,High,High,3.5,High,0.7100000000000001,100,High,High,2,Ribbon,High,2,35.0,26.0,yes,20.062490463256836,10.832921981811523,4.598903656005859,2.8282761573791504,6.802042,7.9506917,0.3286393,0.2956165,0.5906346,6.8,0.726392,8.316637
72,cf8267b2-d095-4c55-ae2c-e5bd3c72c759,SM21,2,Chris Quinn,snowy,POINT (148.64148798412515 -35.93773406002292),DSF,4,5.0,24.0,80,10.0,High,0.10999999999999999,60,High,High,3.5,Very High,0.39,20,Moderate,Moderate,0,Ribbon,High,2,16.0,38.0,yes,28.245128631591797,7.093343734741211,9.337976455688477,13.122588157653809,7.334195,8.572709,0.650911,0.5855052,0.5906346,6.8,0.726392,8.316637
64,79e1d361-84ca-4e87-9e54-2b86c25ffdc0,SM21,3,Chris Quinn,snowy,POINT (148.6394436 -35.9357358),DSF,4,3.59400010109,10.0,90,5.0,Moderate,0.25,100,Very High,Very High,4.0,Very High,0.8099999999999999,100,High,High,2,Ribbon,High,2,29.0,16.0,yes,16.539159774780273,8.843694686889648,4.734321117401123,1.541117787361145,6.808196,7.9578853,0.5986216,0.53847003,0.5906346,6.8,0.726392,8.316637
73,cbf6994e-4fd2-4f1f-a09d-ee9bbbd4d606,SM21,3,Chris Quinn,snowy,POINT (148.6410522927983 -35.9373077145181),DSF,4,5.0,12.0,100,5.0,Moderate,0.19,100,High,High,3.5,High,0.5900000000000001,60,Moderate,Moderate,0,Ribbon,High,2,16.8,26.0,yes,23.287012100219727,10.768096923828125,5.142398357391357,8.75314712524414,7.1123476,8.313397,0.44635117,0.40150028,0.5906346,6.8,0.726392,8.316637
67,d9e8692c-3375-4f93-a6ba-fe8281579f5c,SM22,1,Chris Quinn,snowy,POINT (148.6415597632658 -35.94452062923731),DSF,5,4.63980541553,22.0,100,10.0,High,0.21999999999999997,100,Moderate,Moderate,2.5,Very High,0.11000000000000001,20,Low,Low,0,Slab,Low,0,11.4,24.0,yes,50.413299560546875,2.158210039138794,10.792792320251465,7.337653160095215,15.786585,16.878763,2.7107298,1.2961894,0.7517073,6.8,1.5314658,14.28561
66,8e5f21e1-5104-4635-868e-486fb7763c1e,SM22,2,Chris Quinn,snowy,POINT (148.6410741 -35.9448019),DSF,5,3.90000009537,14.0,80,5.0,Moderate,0.19,90,Moderate,Moderate,2.5,Moderate,0.41,50,Low,Low,0,Slab,Low,0,8.0,44.0,yes,48.37369155883789,1.6616802215576172,11.654342651367188,11.06160831451416,15.767786,16.858664,2.629899,1.2575384,0.7517073,6.8,1.5314658,14.28561
70,c2d745fe-1740-4af4-bf15-f0e7bed292a7,SM22,3,Chris Quinn,snowy,POINT (148.6411799 -35.9438737),DSF,8+,3.90000009537,20.0,90,10.0,High,0.13,90,Moderate,Moderate,2.5,Very High,0.0,0,Low,Low,0,Ribbon,High,2,10.4,58.0,yes,60.56074523925781,3.2362256050109863,14.133479118347168,6.89955997467041,15.961572,17.065855,2.874146,1.37433,0.989879,6.8,1.9992216,15.999884
74,c5c1cc8c-a4d4-44d6-9127-0643af5d6b9e,SM3,1,Chris Quinn,snowy,POINT (148.62419409302183 -35.903452401829846),DSF,4,6.85317864978,30.0,100,15.0,Very High,0.27999999999999997,100,Very High,Very High,4.0,Extreme,1.25,70,Moderate,Moderate,0,Ribbon,Moderate,0,10.2,10.0,yes,24.175273895263672,4.631643295288086,13.429137229919434,11.338417053222656,6.505124,7.60364,0.4334061,0.3894933,0.5906346,6.8,0.726392,8.316637
76,096449a8-8164-4806-b064-6f64903ca847,SM3,2,Chris Quinn,snowy,POINT (148.62363786847914 -35.90313077281207),Other,4,4.64884238813,30.0,100,15.0,Very High,0.28,100,Very High,Very High,4.0,Extreme,0.0,0,Low,Low,0,Slab,Low,0,0.0,0.0,yes,3.706892728805542,1.3863885402679443,4.375988960266113,0.6646624207496643,5.5889654,6.532759,0.47527632,0.42791775,0.5906346,6.8,0.726392,8.316637
71,e159bf05-4d34-45e1-81ae-3194aed7ab5b,SM3,3,Chris Quinn,snowy,POINT (148.6241369 -35.9043154),DSF,4,5.38899993896,14.0,100,5.0,Moderate,0.16999999999999998,100,Moderate,Moderate,2.5,Moderate,0.6199999999999999,70,Moderate,Moderate,0,Ribbon,High,2,28.4,38.0,yes,25.550207138061523,4.584262371063232,14.332763671875,11.180182456970215,6.73822,7.876099,0.3295716,0.29617932,0.5906346,6.8,0.726392,8.316637
17,07573c9c-33c3-4585-bf04-3eb020677754,SM4,1,Scott Southwell,snowy,POINT (148.1554102 -36.157554),WSF,8+,13.6000003815,66.0,100,30.0,Extreme,0.19,90,Moderate,Moderate,2.5,Extreme,0.6900000000000001,60,Low,Low,0,Stringy,Very High,5,23.0,42.0,yes,42.010650634765625,8.38536262512207,10.42312240600586,5.208674430847168,19.254923,20.2663,2.9253545,2.8762507,1.511004,5.8,1.2926145,9.572579
19,35549048-cdf1-49c1-85a6-76df23b4df8c,SM4,2,Dan Reakes,snowy,POINT (148.1555509 -36.1576578),WSF,8+,6.0,56.0,100,25.0,Extreme,0.18000000000000002,80,High,High,3.5,Extreme,0.28,30,,,10,Stringy,High,2,24.2,50.0,yes,26.945552825927734,6.513488292694092,5.731191635131836,4.553922653198242,19.075777,20.077744,2.763699,2.7173085,1.511004,5.8,1.2926145,9.572579
20,7845fccb-b805-4c17-bf55-4dd737917b7b,SM4,3,Scott Southwell,snowy,POINT (148.1555813 -36.1576413),WSF,8+,5.39900016785,58.0,100,25.0,Extreme,0.27,100,Moderate,Moderate,2.5,Extreme,0.2,20,Moderate,Moderate,0,Stringy,Very High,5,22.0,44.0,yes,42.92078399658203,4.317128658294678,10.035628318786621,7.076346397399902,19.24899,20.260054,2.7508976,2.7047222,1.511004,5.8,1.2926145,9.572579
106,4bf9d2d7-a344-4e39-8b37-573939f5263f,SM5,1,Scott Southwell,snowy,POINT (148.1586305 -36.0976038),WSF,8+,6.0,68.0,90,30.0,Extreme,0.41,100,High,High,3.5,Extreme,0.26,30,Low,Low,0,Stringy,High,2,16.8,58.0,yes,44.28196716308594,8.788440704345703,12.83120346069336,6.684725761413574,19.270428,20.28262,3.4556108,3.3976064,2.083149,5.8,2.1363425,16.859322
107,82f9bd3d-c4a0-437f-9015-eedf92d8b1a2,SM5,2,Scott Southwell,snowy,POINT (148.1586745 -36.0975384),WSF,8+,4.0,85.0,100,40.0,Extreme,0.5,100,High,High,3.5,Extreme,0.65,60,Low,Low,0,Stringy,Very High,5,22.4,56.0,yes,40.2022705078125,6.179850101470947,11.991994857788086,6.934854507446289,19.270428,20.28262,3.580005,3.5199125,2.083149,5.8,2.1363425,16.859322
108,0a4953ad-f996-4522-8e1c-a28eae6acd29,SM5,3,Scott Southwell,snowy,POINT (148.1587212 -36.0976253),WSF,8+,4.4439997673,100.0,100,50.0,Extreme,0.43999999999999995,100,High,High,3.5,Extreme,0.43000000000000005,40,Low,Low,0,Stringy,Very High,5,16.2,58.0,yes,45.48052215576172,5.764427661895752,13.471311569213867,6.948805809020996,19.270428,20.28262,3.5416281,3.4821796,2.083149,5.8,2.1363425,16.859322
109,64e6bb37-d53c-4c4c-b4ba-60aca1dc6d28,SM6,1,Scott Southwell,snowy,POINT (148.1675839 -36.0912457),WSF,3,4.0,34.0,100,15.0,Very High,0.19,90,Low,Low,1.5,,0.42000000000000004,70,Low,Low,0,Stringy,High,2,26.4,60.0,yes,51.867698669433594,1.8496452569961548,17.278316497802734,13.927794456481934,18.533325,18.46969,2.1040676,2.0636115,1.2591817,6.8,0.78850657,12.051058
110,560dc27f-88b0-4cd0-a5a9-81de57f2dc92,SM6,2,Scott Southwell,snowy,POINT (148.1675639 -36.0912007),WSF,3,6.0,44.0,100,20.0,Extreme,0.27,90,Moderate,Moderate,2.5,Extreme,0.4699999999999999,50,,,10,Stringy,High,2,30.4,54.0,yes,51.392425537109375,2.4394357204437256,16.252342224121094,12.882503509521484,18.533325,18.46969,2.1347532,2.0937073,1.2591817,6.8,0.78850657,12.051058
111,05de49c4-f63d-497a-a9b7-f6f1ae171913,SM6,3,Scott Southwell,snowy,POINT (148.1676234 -36.0912446),WSF,3,4.45800018311,31.0,100,15.0,Very High,0.24000000000000005,100,Low,Low,1.5,,0.49000000000000005,50,Low,Low,0,Slab,Low,0,30.6,58.0,yes,53.78327560424805,1.408355474472046,18.837352752685547,15.932133674621582,19.231016,20.206776,3.2647138,3.209744,1.2591817,6.8,0.78850657,12.051058
118,68c5e254-dce9-400c-aa54-ee5dea783605,SM7,1,Scott Southwell,snowy,POINT (148.1651931 -36.0792865),WSF,3,6.0,87.0,100,40.0,Extreme,0.49000000000000005,100,Very High,Very High,4.0,Extreme,1.1599999999999997,90,High,High,2,Slab,Moderate,0,21.2,42.0,yes,39.4724006652832,8.02253246307373,9.723788261413574,5.18221378326416,19.269915,20.28208,3.166938,3.113779,1.2809672,5.8,0.8702,5.924454
119,b8b9c8c4-c094-4362-b5fc-e84c6ba4d9e4,SM7,2,Scott Southwell,snowy,POINT (148.1652032 -36.0792768),WSF,3,6.0,73.0,100,35.0,Extreme,0.39,100,High,High,3.5,Extreme,1.1400000000000001,80,High,High,2,Slab,Low,0,20.6,40.0,yes,39.4724006652832,8.02253246307373,9.723788261413574,5.18221378326416,19.269915,20.28208,3.166938,3.113779,1.2809672,5.8,0.8702,5.924454
120,fe337211-ead4-4480-b62c-b47892480a86,SM7,3,Scott Soithwell,snowy,POINT (148.1652058 -36.0792895),WSF,3,6.0,91.0,100,45.0,Extreme,0.5,100,Very High,Very High,4.0,Extreme,1.73,100,Very High,Very High,6,Coarsely,Moderate,0,20.2,60.0,yes,39.4724006652832,8.02253246307373,9.723788261413574,5.18221378326416,19.269915,20.28208,3.166938,3.113779,1.2809672,5.8,0.8702,5.924454
84,729c1134-2369-4eea-b50e-652c67179a3f,SM8,1,April,snowy,POINT (148.36592687883578 -35.59862773077768),DSF,unkown,4.6589466037,35.0,90,15.0,Very High,0.48,90,Extreme,Extreme,7.0,Extreme,1.6599999999999997,80,Very High,Very High,6,Ironbark,Low,0,28.4,16.0,yes,23.485937118530273,13.534233093261719,9.34225082397461,5.5594940185546875,5.79722,6.06219,0.9143484,1.3489848,1.2809672,5.8,0.8702,5.924454
86,ebca0e28-b6a6-4fcc-952e-19f55f6ce01b,SM8,2,April Meredith,snowy,POINT (148.37650009121705 -35.60505692329692),DSF,unkown,4.67197153562,18.0,100,5.0,Moderate,0.26999999999999996,100,Very High,Very High,4.0,Very High,1.08,100,Very High,Very High,6,Ironbark,Low,0,30.2,12.0,yes,15.797781944274902,18.419921875,5.343323707580566,4.843123435974121,5.7454467,6.00805,0.7034293,1.0378051,1.2809672,5.8,0.8702,5.924454
87,2748426b-cb86-4edf-9325-0c109053740b,SM8,3,April,snowy,POINT (148.3764695664523 -35.605396139388446),DSF,unkown,4.64800606964,26.0,80,10.0,High,0.38999999999999996,90,Very High,Very High,4.0,Very High,1.2899999999999998,80,Very High,Very High,6,Ironbark,Low,0,32.2,10.0,yes,28.259971618652344,15.354839324951172,9.41872501373291,6.427215576171875,5.7482324,6.0109625,0.807101,1.1907572,1.2809672,5.8,0.8702,5.924454
85,c18160f3-73cd-4b8c-9e9c-b2ea113d67de,SM9,1,April,snowy,POINT (148.37582452641936 -35.60485959977152),DSF,unkown,26.9156222064,13.0,70,3.75,Low,0.25999999999999995,100,Very High,Very High,4.0,High,1.17,100,Very High,Very High,6,Ribbon,Moderate,0,30.0,14.0,yes,13.289236068725586,15.592306137084961,5.378036975860596,5.949382781982422,5.746722,6.0093837,0.87006366,1.2836492,1.2809672,5.8,0.8702,5.924454
